,id,bedrooms,bathrooms,sqft_living,sqft_lot,floors,view,condition,grade,sqft_above,sqft_basement,zipcode,sqft_living15,sqft_lot15,age,since_reno,waterfront_0,waterfront_1,Listing_per_Zip_Code,Zipcode_Mean_housePrice,sqft_living_zipcode_ratio,sqft_lot_zipcode_ratio,sqft_above_zipcode_ratio,sqft_basement_zipcode_ratio,sqft_living15_zipcode_ratio,sqft_lot15_zipcode_ratio,sqft_mean_price_zipcode_ration,original price,model price
0,3905081350,4,2.75,1950,6192,2.0,0,3,8,1950,0,98029,2040,5441,28,2020,1,0,321,612653.6105919003,0.002659465651978233,0.002222400084416748,0.002796139893029725,0.0,0.002870086383972537,0.002405850802760914,0.9140564755000296,560000.0,559251.724137931
2,587800130,3,2.5,1990,9995,2.0,0,3,7,1990,0,98198,1680,7511,24,2020,1,0,280,302878.8821428571,0.004072019496583801,0.0033912693560218697,0.004814310356089618,0.0,0.003505550454886905,0.002830060357791068,1.0895444332905022,330000.0,331315.7931034483
3,4139460290,3,2.5,3530,9753,2.0,0,3,10,3530,0,98006,3220,9234,23,2020,1,0,498,859684.7791164658,0.0024541651632297924,0.0014633265870971895,0.003081378956364008,0.0,0.002321164042141382,0.0015248544337033453,1.0445689185318745,898000.0,889429.3103448276
4,7301300050,3,2.5,1930,6180,1.0,0,3,7,1330,600,98155,1940,6180,59,2020,1,0,446,423725.69506726455,0.002422097561587792,0.0013472960879361408,0.0020175358757319253,0.004360148245040331,0.002533784886887402,0.001412072765160646,0.8850065133304471,375000.0,374724.1379310345
5,2872900280,4,2.25,3040,10283,1.0,0,4,8,1430,1610,98074,1870,11074,36,2020,1,0,440,685061.6977272729,0.0026135047700760576,0.0016208444090246498,0.001335476321444481,0.01742235688778271,0.0016444316641912257,0.0019224793282259336,0.7882501704466583,540000.0,539578.1724137932
6,5054800110,5,2.25,2240,9652,2.0,0,3,7,2240,0,98055,2180,11644,30,2020,1,0,268,304262.1082089552,0.0046833315213300674,0.003574138376033277,0.00528414050152155,0.0,0.004555189886642636,0.005707666871072119,1.0780179034805824,328000.0,327139.4482758621
7,3396200090,4,2.5,2150,12028,2.0,0,4,8,2150,0,98052,1800,11777,38,2020,1,0,574,645231.4564459929,0.0015846832623542645,0.0018840748836746663,0.0017816773954031067,0.0,0.0013437258082697366,0.002038455973020445,0.9903422928567116,639000.0,638572.4137931034
8,8564860130,5,3.5,3440,6037,2.0,0,3,9,3440,0,98045,3270,6037,6,2020,1,0,220,440195.95,0.007552057606392905,0.0005466935814623696,0.008044431452791581,0.0,0.0077496415494543265,0.0008514850423824318,1.3607394615965909,598992.0,603599.6896551724
9,3790700110,4,2.5,1700,6031,2.0,0,3,8,1700,0,98030,1930,6035,26,2020,1,0,256,296187.98046875,0.00338375796178344,0.0020000955111104625,0.0036809284600727524,0.0,0.003927777732552935,0.002748569013448177,0.75965270313776,225000.0,225068.9655172414
10,518500700,2,2.25,2550,5663,1.0,0,3,10,1720,830,98056,2560,3828,9,2020,1,0,406,420890.54926108377,0.003113777427189505,0.0014580344572960426,0.002370628464632153,0.008886985384656567,0.0033069167522460554,0.001204365920849122,1.4968261965160043,630000.0,625595.8620689656
11,7304300905,3,1.0,1300,8184,2.0,0,3,6,1300,0,98155,1120,8184,73,2020,1,0,446,423725.69506726455,0.001631464678789704,0.0017841862756746566,0.0019720275477078967,0.0,0.0014628036460380878,0.00186996820551371,0.5947243769580605,252000.0,250686.2068965517
12,6648760150,3,2.5,1600,7982,2.0,0,3,8,1600,0,98001,1890,9830,27,2020,1,0,361,281194.8698060942,0.0023280651159812947,0.0014773033494919945,0.002571206345737261,0.0,0.002860749607214538,0.002427152103671741,1.1202195837257525,315000.0,316507.5862068966
13,3459000020,3,2.25,1750,15528,1.0,0,3,8,1270,480,98155,2170,12000,57,2020,1,0,446,423725.69506726455,0.0021962024522169093,0.003385244927746343,0.0019265192196838688,0.003488118596032265,0.002834182064198795,0.0027418888643896038,0.9015266349126154,382000.0,380561.3793103448
14,1529300115,2,1.0,1170,6000,1.0,0,4,7,970,200,98103,2130,6002,79,2020,1,0,601,584827.5623960068,0.0011792215122256042,0.002870220126748921,0.0011482048350077,0.0013570086102196318,0.002324794534004213,0.0028777751087316647,0.7780071071477714,455000.0,453034.4827586207
15,1472800220,3,2.5,2190,17108,2.0,0,3,8,2190,0,98019,2400,14040,29,2020,1,0,190,424788.747368421,0.0053078556263269645,0.002260184669823193,0.005660582187000822,0.0,0.006004398221697393,0.0019962642559074287,1.089953542480348,463000.0,462355.1724137931
16,686200510,3,2.75,2030,7700,1.0,0,5,8,1400,630,98008,1780,8160,55,2020,1,0,283,645507.3780918728,0.0033622353067832684,0.00267052239233026,0.002887764952434386,0.005295853262834038,0.003111996922969335,0.0030367491302839807,0.9961156476641916,643000.0,638413.7931034482
17,776600130,3,1.5,1180,10277,1.0,0,3,6,1180,0,98045,1680,11104,37,2020,1,0,220,440195.95,0.0025905313882394264,0.0009306559444573084,0.0027594270681087396,0.0,0.0039814672180682785,0.0015661570168319565,0.6247217858319687,275000.0,275566.3793103448
18,4302201130,2,1.0,720,5040,1.0,0,3,6,720,0,98106,1357,5120,65,2020,1,0,335,319581.3940298507,0.0014445039633577495,0.0027087017042248217,0.0018087225645676273,0.0,0.002975798882485549,0.0029849945722071353,0.6414641272290459,205000.0,204295.0344827586
19,5700003640,5,3.75,5340,10655,2.5,3,4,10,3740,1600,98144,3910,9418,108,2020,1,0,343,594547.6501457726,0.00814205600636727,0.007588420590080713,0.007384284899137381,0.010711440487906114,0.0064853532195383295,0.006997402535648267,3.5236872931653886,2095000.0,2085306.551724138
20,9521101455,2,1.0,1470,3864,1.0,0,4,7,1170,300,98103,1570,3864,104,2020,1,0,601,584827.5623960068,0.0014815860025398618,0.001848421761626305,0.0013849480999577413,0.0020355129153294483,0.0017135809475993494,0.001852669613485364,0.9370283400373158,548000.0,547189.6551724138
21,9353300220,3,1.0,950,10723,1.0,0,4,6,950,0,98059,1520,10723,61,2020,1,0,468,493552.5320512821,0.0008445120054048768,0.001590481613495614,0.0008943364964603102,0.0,0.0013828075177422393,0.001818783797948945,0.5774461308414225,285000.0,284573.1379310345
22,2887700091,4,2.0,2190,3622,1.5,0,5,8,1990,200,98115,1450,3082,95,2020,1,0,583,619900.5471698113,0.002046772968017069,0.0011411698282511053,0.0024261339738001915,0.0008008264528993923,0.0014702736027077368,0.0009999951330541866,1.0082262434732,625000.0,624551.724137931
23,3523059056,3,2.5,2640,6715,2.0,0,3,8,1680,960,98058,2260,7373,29,2020,1,0,455,353608.63516483514,0.00283085026303317,0.0007561045448808008,0.0020450843719034624,0.00864086408640864,0.0025129846808009076,0.001172546974636376,1.032214611585644,365000.0,364977.5172413793
24,7454001210,3,1.0,1040,6860,2.0,0,3,6,1040,0,98146,1030,6512,78,2020,1,0,288,359483.23958333326,0.002227085644291594,0.0026406654784955136,0.002626541198814016,0.0,0.0023293259880412857,0.002736195385863635,0.6648432351867588,239000.0,238613.7931034483
25,3342700371,3,2.25,2190,7149,1.0,1,4,8,1240,950,98056,3500,7149,57,2020,1,0,406,420890.54926108377,0.0026741853198215745,0.0018406301139342052,0.0017090577303162033,0.010171850741474385,0.004521175247211404,0.002249219427416503,1.2828750869981216,539950.0,541234.4827586206
26,8835400290,4,2.5,2570,8178,1.0,2,3,8,1710,860,98118,2050,7500,59,2020,1,0,507,418011.4714003945,0.003000664349422109,0.002790598637663732,0.002533990293779869,0.004734327175037985,0.0025076544623405346,0.002666144339366759,1.7989936914427231,752000.0,743025.9655172414
27,7116500920,6,5.25,2860,5682,2.0,0,3,7,2860,0,98002,1390,5956,42,2020,1,0,199,234284.03517587946,0.00882931332022314,0.00379810549268086,0.0094394111919732,0.0,0.004722638425968396,0.003945648623958355,1.28049698211313,300000.0,306810.3448275862
28,5017000575,3,2.0,1990,3000,1.5,0,3,7,1230,760,98112,1600,4080,112,50,1,0,269,1095499.342007435,0.002960595808748486,0.0022347600538130227,0.0022797535642000845,0.005730226947146196,0.0026086630438858643,0.003096527411477643,0.5193978473390433,569000.0,570375.8620689656
29,3629870020,3,2.5,1870,3485,2.0,0,3,8,1870,0,98029,1940,3485,19,2020,1,0,321,612653.6105919003,0.002550359368820152,0.0012508178769690512,0.002681426461520813,0.0,0.002729395874954276,0.00154096490491119,0.9385401310937804,575000.0,574896.551724138
30,2781280150,2,2.5,1100,1737,2.0,0,3,8,1100,0,98055,1610,2563,14,2020,1,0,268,304262.1082089552,0.002299850300653157,0.0006432115995824494,0.002594890424854332,0.0,0.0033641539988507546,0.0012563337504773134,0.6244615904308252,190000.0,189755.1724137931
31,3869900036,3,2.5,1420,814,2.0,0,3,8,1140,280,98136,1340,1382,12,2020,1,0,263,551688.6730038023,0.003126678938514519,0.0005173674007690597,0.0032057591181350355,0.002841312686461145,0.003046978034471781,0.0009133331438816924,0.8180338333625523,451300.0,450600.0
32,5605000215,4,1.0,1470,5450,1.5,0,3,7,1470,0,98112,2160,5450,102,2020,1,0,269,1095499.342007435,0.002186972783346872,0.0040598140977603225,0.002724583527946443,0.0,0.003521695109245917,0.004136292743272832,0.6389780195735154,700000.0,697447.7931034482
33,3438501150,3,2.0,720,7598,1.0,0,5,6,720,0,98106,1080,7209,73,2020,1,0,335,319581.3940298507,0.0014445039633577495,0.0040834753072817856,0.0018087225645676273,0.0,0.0023683587274019105,0.004202895677937742,0.9387279910668964,300000.0,299720.8620689655
34,7697870860,3,2.0,1410,5760,1.0,0,3,7,1410,0,98030,1670,6222,35,2020,1,0,256,296187.98046875,0.002806528662420382,0.0019102222092515773,0.0030530053698250475,0.0,0.003398647053556165,0.0028337359406254447,0.8271773878611164,245000.0,245137.93103448275
35,722039087,2,1.0,990,57499,1.0,0,2,6,990,0,98070,2090,27442,71,2020,1,0,117,489381.16239316243,0.004469768113848155,0.005104857822797982,0.005017459746288854,0.0,0.010059684251058914,0.0029293398438788466,0.6722776136113015,329000.0,330274.1379310345
36,2769602475,2,1.0,1840,3300,1.5,0,4,6,1130,710,98107,1320,4000,110,2020,1,0,265,578955.5056603772,0.004397705544933079,0.003893401039184132,0.00323800790876268,0.010227600115240564,0.0032749466580657967,0.00438002882058964,0.8463517406939391,490000.0,490375.8620689655
37,8645530010,3,2.0,1400,7384,1.0,0,3,7,1150,250,98058,1820,7992,41,2020,1,0,455,353608.63516483514,0.0015012084728206205,0.0008314335010275253,0.0013999089450529652,0.0022502250225022503,0.0020237310261317053,0.0012709881216999752,0.636296678374712,225000.0,224517.24137931035
38,8078600330,3,2.25,1940,5980,1.0,0,3,7,1520,420,98027,1910,6309,33,2020,1,0,412,616990.5922330098,0.0018725525304072608,0.0004417496239957214,0.0017451025190325243,0.002545300284831223,0.0019514108905074586,0.0005385196011660157,0.9400467483642926,580000.0,579915.5172413794
39,6056111063,3,1.75,1140,1165,2.0,0,3,8,1140,0,98108,1150,1552,6,2020,1,0,186,355678.51612903224,0.003595533968334069,0.0012033868367040215,0.004713665495141618,0.0,0.003935256476063374,0.001653609332664218,0.6466513707467254,230000.0,230131.0344827586
40,8691360200,4,2.75,3790,10669,2.0,0,3,10,3790,0,98075,3750,11634,21,2020,1,0,359,790576.6545961003,0.0034999358191188843,0.0015639523710611494,0.0037288579167392274,0.0,0.0035051085789168197,0.0021524291330191573,1.1067870457761375,875000.0,876370.9655172414
41,4400200060,5,2.0,1910,4667,1.0,0,3,7,1010,900,98112,1230,2545,112,2020,1,0,269,1095499.342007435,0.0028415768817636232,0.003476541723715125,0.0018719927640992566,0.006785795068988917,0.0020054097149872587,0.001931534868188873,0.5933367324611214,650000.0,648646.551724138
42,6804600990,4,1.75,2160,19283,2.0,0,3,8,2160,0,98011,1990,9744,39,2020,1,0,195,490351.46666666673,0.004916308944495782,0.00874014224090847,0.005667223768756282,0.0,0.004539492443684061,0.00525323515505508,0.9686929320900708,475000.0,474974.4827586207
43,1330910370,4,3.0,4370,217882,2.0,0,3,10,4370,0,98053,2430,35096,36,2020,1,0,403,677112.6277915633,0.00413843001034134,0.015188257942044796,0.00426605334421486,0.0,0.002439844773661725,0.002993097097328617,1.3254811137214222,897500.0,895171.724137931
44,6929603207,4,2.0,1610,6200,1.0,0,4,7,1610,0,98198,1610,7500,41,2020,1,0,280,302878.8821428571,0.00329444793442207,0.0021036388201436306,0.003894994810705672,0.0,0.00335948585259995,0.002825915681458263,0.8039517257764764,243500.0,243087.06896551725
45,8856500220,3,3.25,2760,6420,2.0,2,3,9,2110,650,98031,2030,7725,29,2020,1,0,273,300340.4029304029,0.005239120283368071,0.0019424237757511085,0.004534357969295305,0.010574263868553766,0.0038954783666623814,0.003336010778877545,1.248583261995882,375000.0,374260.3448275862
46,8935100100,4,3.0,2890,6885,1.0,0,3,7,1590,1300,98115,2180,6885,75,5,1,0,583,619900.5471698113,0.002700992638159512,0.0021692308855629093,0.0019384688534383441,0.005205371943846049,0.00221048031303646,0.002233928128188864,0.767865107029189,476000.0,474877.0344827586
47,426069099,3,2.5,2790,53143,2.0,0,4,9,2790,0,98077,2740,47916,29,2020,1,0,198,682774.8787878788,0.0049319863177153785,0.004895201260263545,0.005272856130403969,0.0,0.004973318328674629,0.005319643802797043,1.1936584448549992,815000.0,811361.724137931
48,9211000170,4,2.5,3230,7187,2.0,0,3,9,3230,0,98059,2950,6537,12,2020,1,0,468,493552.5320512821,0.002871340818376581,0.0010660068410139863,0.003040744087965055,0.0,0.00268373827456553,0.0011087745674897187,1.154892261682845,570000.0,569446.448275862
49,4232400470,2,2.0,1880,5400,1.5,0,3,8,1880,0,98112,1590,5400,118,2020,1,0,269,1095499.342007435,0.0027969447841442985,0.00402256809686344,0.0034845013826798037,0.0,0.002592358899861578,0.004098345103426293,0.6862167517348432,751750.0,748081.8965517242
50,1137800460,3,2.5,2870,25663,2.0,0,3,10,2870,0,98003,2950,24347,32,2020,1,0,280,294111.27857142856,0.00531395867702796,0.008644038281270262,0.006161522046226444,0.0,0.005615464417942836,0.008921811845668448,1.581034233908405,465000.0,463668.275862069
51,7922900250,3,2.0,2020,8118,1.0,0,3,7,1020,1000,98008,1670,8118,57,2020,1,0,283,645507.3780918728,0.003345672571281873,0.0028154936079139025,0.0021039430367736237,0.008406116290212758,0.002919682506381342,0.0030211188038781075,0.7862032522388448,507500.0,506070.6896551724
52,3244500158,3,1.75,2580,40392,1.0,0,3,9,1390,1190,98072,2460,46173,34,2020,1,0,273,569958.4652014652,0.003984759068801962,0.004808803281586791,0.002447351138546485,0.014967423842225745,0.003823972890208453,0.0070544912968175735,1.000072873377747,570000.0,564301.724137931
53,8712100320,5,2.75,2350,4178,1.5,0,3,8,1520,830,98112,1920,4178,98,5,1,0,269,1095499.342007435,0.003496180980180373,0.003112275834943602,0.002817256437060267,0.006258011008067556,0.0031303956526630376,0.003170904785576861,0.5340030592150093,585000.0,584674.1379310344
54,7400062,2,1.0,790,5240,1.0,0,4,6,790,0,98118,1430,5320,95,2020,1,0,507,418011.4714003945,0.000922383204686174,0.0017880578211491754,0.0011706738784129222,0.0,0.0017492418932424218,0.0018911850513908207,0.7172051977320856,299800.0,301125.8620689655
55,7140700690,3,1.75,1600,4888,1.0,0,3,6,1600,0,98042,2520,5700,6,2020,1,0,547,311580.33638025593,0.0014760310999752766,0.0004709556777522388,0.0015842870411261116,0.0,0.002355785275781125,0.0007082452168597152,0.7701063641807052,239950.0,239684.4827586207
56,9542000075,3,1.75,2000,14733,1.0,0,4,8,2000,0,98005,2620,14733,62,2020,1,0,168,810164.875,0.004480858891032233,0.004400490317308416,0.005510962682516195,0.0,0.006073235806129332,0.004774472371058785,0.8640216597886943,700000.0,695258.6206896552
57,8651600110,4,2.25,2240,9684,2.0,0,4,9,2240,0,98040,2440,9618,50,2020,1,0,282,1194230.0212765958,0.002556706961433673,0.0025057838220655434,0.0032102682723740648,0.0,0.002984906648267898,0.002664293973177557,0.7862806856892087,939000.0,935603.448275862
58,5095600360,3,1.75,1360,13320,1.0,0,4,7,1360,0,98059,1580,13625,35,2020,1,0,468,493552.5320512821,0.001208985607737508,0.0019756798556151804,0.0012803133001958126,0.0,0.0014373920250215382,0.002311007110608447,0.6685205293723766,329950.0,330137.9310344828
59,7657600195,3,1.0,1340,7260,1.5,0,3,6,1340,0,98178,1210,7260,76,2020,1,0,262,310612.7557251909,0.002957469818358384,0.003334879811115348,0.003857114072709479,0.0,0.002800990763675085,0.003400140314330327,0.6437275878550918,199950.0,199843.6551724138
60,705700240,4,2.5,2320,10079,2.0,0,3,7,2320,0,98038,2010,7438,26,2020,1,0,589,367082.9949066214,0.0018334963986021168,0.0006731959347488193,0.0019164177526367265,0.0,0.0016105007856199107,0.0006289197563329125,1.0351882415492015,380000.0,379824.1379310345
61,5700000600,5,2.5,2950,5500,1.5,0,5,7,1720,1230,98144,2200,5000,102,2020,1,0,343,594547.6501457726,0.004497952288161695,0.003917063655133168,0.0033959812905123786,0.008234419875077826,0.003649047847310569,0.0037149089698706025,1.110928619157871,660500.0,663000.0
62,2726049164,3,2.5,1480,8381,1.0,0,4,7,1480,0,98125,1710,8050,52,2020,1,0,409,469899.42787286063,0.0020721674311284352,0.002665482714435238,0.002544734891926141,0.0,0.0025223173458731357,0.00268976276292431,1.1640788806152798,547000.0,543741.3793103448
63,7598100735,4,2.75,3630,15405,1.0,2,4,8,1850,1780,98040,3380,11184,52,2020,1,0,282,1194230.0212765958,0.004143234941966176,0.003986121414593111,0.0026513376356660807,0.009979480394245541,0.0041348297012891375,0.0030980935533393428,0.6439295498349323,769000.0,776898.275862069
64,3013300017,3,1.0,1290,6859,1.0,0,4,7,1290,0,98136,1560,6369,79,2020,1,0,263,551688.6730038023,0.0028404336835800913,0.0043594877172911314,0.003627569528415962,0.0,0.003547228159534313,0.004209130820103111,0.9697498356945832,535000.0,534344.8275862068
65,5667100025,3,1.5,1010,7683,1.5,0,5,7,1010,0,98125,1550,7271,67,2020,1,0,409,469899.42787286063,0.001414114260432243,0.0024434916710423496,0.0017366096221928394,0.0,0.0022863110445048877,0.0024294739191580944,0.8618865569454996,405000.0,404491.3793103448
66,5248800625,3,1.0,1070,4000,1.0,0,4,7,1070,0,98108,1090,4000,49,2020,1,0,186,355678.51612903224,0.0033747555667696964,0.004131800297696211,0.004424229894562746,0.0,0.00372993874687746,0.004261879723361387,1.0824381640760403,385000.0,385610.3448275862
67,5104520550,3,3.5,2080,5100,2.0,0,3,8,2080,0,98038,2080,5100,16,2020,1,0,589,367082.9949066214,0.0016438243573674153,0.00034063887957326897,0.001718167640294996,0.0,0.001666587877656425,0.0004312302712150919,0.973894200931157,357500.0,357382.7586206897
68,4040800120,3,1.0,1220,7200,1.0,0,4,7,1220,0,98008,1320,7200,55,2020,1,0,283,645507.3780918728,0.0020206537311702397,0.0024971118473737486,0.002516480887121393,0.0,0.002307772999055911,0.0026794845267211595,0.6924785295581549,447000.0,446241.3793103448
69,2413910190,3,1.75,1690,48096,1.0,0,3,7,1690,0,98053,2070,35160,47,2020,1,0,403,677112.6277915633,0.001600445473106834,0.003352706758615152,0.0016498009500510561,0.0,0.002078386288674803,0.0029985552183175905,0.7384295898169482,500000.0,499655.1724137931
70,8161000230,4,2.5,2300,22445,2.0,0,4,8,2300,0,98014,2640,21886,28,2020,1,0,124,455617.11290322576,0.008757634372572612,0.0018679330939571602,0.009351190040576031,0.0,0.01103688157927742,0.0022634118736357192,1.09302303600211,498000.0,500429.3103448276
71,1387300570,3,2.75,2020,9505,1.0,0,3,7,1260,760,98011,2080,11901,51,2020,1,0,195,490351.46666666673,0.004597659290685871,0.004308201628368771,0.003305880531774497,0.013055054539208107,0.004744796122041631,0.0064161280357461535,0.817780770038144,401000.0,400827.5862068966
72,7600065,3,2.25,1530,1245,2.0,0,3,9,1050,480,98122,1530,2307,6,2020,1,0,290,634360.179310345,0.002955585089942511,0.0012235860210456796,0.002425648110073601,0.005661044934544168,0.0030838194212094213,0.0022333551150802294,0.7330220514558974,465000.0,461179.3103448276
73,5706300020,3,2.25,1620,12309,2.0,0,3,7,1620,0,98074,2030,13963,33,2020,1,0,440,685061.6977272729,0.0013927229366852679,0.0019401900059014309,0.0015129172312867544,0.0,0.001785131699630047,0.002424018318585761,0.6904487604097582,473000.0,471582.7586206897
74,5467500040,4,1.75,2180,7560,1.0,0,4,7,1560,620,98133,1810,7352,58,2020,1,0,493,387011.59026369173,0.002738425129195883,0.0021614568218979594,0.002323696942253152,0.004970577388683117,0.002360917810059597,0.0022156978212505675,1.007721757723773,390000.0,389862.0344827586
75,1392800035,2,1.0,1240,6400,1.0,1,4,7,1060,180,98126,1240,6400,82,2020,1,0,354,424706.3559322034,0.0022692626543418864,0.0035347945290217678,0.002397360189798554,0.001726121979286536,0.0024789390141019643,0.003596107662968295,1.3162035184828602,559000.0,554410.3448275862
76,7851990230,4,3.5,3920,11086,2.0,0,3,10,3920,0,98065,3740,10880,21,2020,1,0,308,529587.5746753247,0.0049360951961216395,0.00210029903590098,0.005169594345096798,0.0,0.0048065492446392214,0.0031326778320141823,1.5578160052297003,825000.0,820249.1724137932
77,4139460200,4,2.5,3330,9557,2.0,0,3,10,3330,0,98006,3360,9755,25,2020,1,0,498,859684.7791164658,0.002315118978344252,0.001433919019059555,0.0029067965792329018,0.0,0.0024220842178866594,0.00161088964704095,1.0527114379413656,905000.0,900056.8965517242
78,2767704302,2,1.5,1280,1256,2.0,0,3,8,1200,80,98107,1390,1256,22,2020,1,0,265,578955.5056603772,0.003059273422562141,0.001481852031883415,0.0034385924694824922,0.0011524056467876694,0.003448618071751104,0.0013753290496651468,0.7293306581796241,422250.0,421108.6206896552
79,8857320130,2,2.25,1800,2748,2.0,0,4,9,1800,0,98008,1800,2755,41,2020,1,0,283,645507.3780918728,0.002981292390251174,0.0009530643550809812,0.003712840653129925,0.0,0.003146963180530788,0.0010252749820995547,0.7312077538063738,472000.0,471517.2413793103
80,4237900645,2,1.75,1320,3420,1.0,1,3,7,1080,240,98199,2070,6000,65,2020,1,0,317,791820.807570978,0.0019261918311955523,0.0019845621951346893,0.002140139505389981,0.0013285358427899256,0.0032794676806083647,0.003582209315654732,0.5998832001613212,475000.0,475632.4137931034
81,3832061060,4,2.5,2690,6124,2.0,0,3,7,2690,0,98042,2300,6002,13,2020,1,0,547,311580.33638025593,0.0024815772868334337,0.0005900434882476903,0.002663582587893275,0.0,0.002150121481863725,0.0007457697879985982,0.9981374422179592,311000.0,311525.8620689655
82,1525059074,4,1.0,2500,35802,1.5,0,3,7,2500,0,98005,2880,40510,65,2020,1,0,168,810164.875,0.005601073613790291,0.010693433403941893,0.006888703353145243,0.0,0.006675923328874991,0.01312793563779212,1.049169158314843,850000.0,847374.1379310344
83,8071000050,2,1.0,1040,5700,1.0,0,3,6,1040,0,98118,1380,5700,98,2020,1,0,507,418011.4714003945,0.001214276623890659,0.0019450247291126523,0.0015411402956322009,0.0,0.0016880795892828964,0.0020262696979187365,0.6459152881509778,270000.0,270977.6896551724
84,9521100029,3,3.0,1660,1849,3.0,0,3,9,1660,0,98103,1660,3300,7,2020,1,0,601,584827.5623960068,0.0016730835130722248,0.0008845061690597924,0.0019649690990853424,0.0,0.0018118117025572734,0.0015822488935045805,1.224292502676493,716000.0,718872.4137931034
85,9126100850,5,2.0,2280,3600,2.0,0,3,7,2280,0,98122,1740,1800,28,2020,1,0,290,634360.179310345,0.004404401310502565,0.003538080060854977,0.005267121610445534,0.0,0.003507088753532283,0.0017425397516880855,0.8417930655429016,534000.0,534031.0344827586
86,4008400515,1,0.75,780,77603,1.0,0,1,5,780,0,98058,1750,30847,75,2020,1,0,455,353608.63516483514,0.0008363875777143457,0.008738046313683509,0.0009495034583837504,0.0,0.001945895217434332,0.0049056770007606535,0.5373171950719791,190000.0,191558.62068965516
87,2228900270,2,1.0,1010,6000,1.0,0,4,6,1010,0,98133,1610,7313,76,2020,1,0,493,387011.59026369173,0.0012687198993063494,0.0017154419221412376,0.00150444481517672,0.0,0.002100042913920415,0.002203944255550245,0.5555389177195158,215000.0,216584.4827586207
88,7697800170,3,1.75,1800,9314,2.0,0,3,8,1800,0,98011,2100,9658,41,2020,1,0,195,490351.46666666673,0.0040969241204131535,0.004221629665084349,0.004722686473963567,0.0,0.004790419161676647,0.005206870394860628,0.5506254561354087,270000.0,268931.0344827586
89,582000185,3,1.75,1960,5520,1.0,0,4,7,1080,880,98199,1720,5760,68,2020,1,0,317,791820.807570978,0.0028601030220782447,0.0032031530167086213,0.002140139505389981,0.004871298090229726,0.0027249683143219265,0.003438920943028543,0.8272073602224536,655000.0,655463.7931034482
90,7511200190,4,2.25,2570,36465,2.0,0,4,8,2570,0,98053,2390,41454,40,2020,1,0,403,677112.6277915633,0.002433813530109209,0.002541925564556336,0.0025088689003735,0.0,0.002399682719774289,0.0035353273043270024,0.8565783241876599,580000.0,579948.275862069
91,686400210,4,2.25,1890,8549,1.0,0,3,8,1890,0,98008,1940,7210,53,2020,1,0,283,645507.3780918728,0.0031303570097637326,0.0029649734976664142,0.003898482685786421,0.0,0.00339172698346096,0.0026832060330082732,0.813313709212598,525000.0,525142.551724138
92,7011200515,4,1.75,1920,3600,2.0,0,4,8,1920,0,98119,1920,3600,113,2020,1,0,184,849448.0163043478,0.005202786742649032,0.005411906193625977,0.006562913386634217,0.0,0.0055937536417666935,0.005248892265028234,1.0241945160871253,870000.0,873306.2068965518
93,7227800025,3,3.0,2300,7701,1.0,0,3,7,2300,0,98056,1570,8116,60,2020,1,0,406,420890.54926108377,0.00280850513040622,0.0019827517845023533,0.003170026435263925,0.0,0.002028070039463401,0.0025534571090939065,0.5939786494111129,250000.0,249255.1724137931
94,1257201130,4,2.5,2700,4590,2.0,0,3,8,2700,0,98103,2080,3570,18,2020,1,0,601,584827.5623960068,0.002721280412828317,0.0021957183969629245,0.003196034076825557,0.0,0.002270221892360921,0.0017117056211549554,1.7355543159450284,1015000.0,1005586.2068965518
95,3125079013,3,2.5,3970,263538,1.5,0,3,9,3970,0,98024,3970,194676,29,2020,1,0,80,586008.375,0.02100029093602053,0.032065128451903464,0.02253633060853769,0.0,0.023248187578323552,0.030615455964687392,1.8173801696946736,1065000.0,1052567.2413793104
96,5422950020,4,2.5,2280,5000,2.0,0,3,7,2280,0,98038,2910,5000,14,2020,1,0,589,367082.9949066214,0.0018018843917296668,0.0003339596858561461,0.0018833760672464386,0.0,0.0023316205403750945,0.0004227747757010705,0.9398419561433542,345000.0,344632.7586206897
97,9528104108,3,2.5,1360,1016,3.0,0,3,7,1310,50,98115,1365,1156,17,2020,1,0,583,619900.5471698113,0.001271055359133888,0.0003201072737446502,0.0015971032691850509,0.00020020661322484804,0.0013840851501352145,0.0003750792906588709,0.8630416644130591,535000.0,534767.2413793104
98,6641020160,4,2.5,2000,5684,2.0,0,3,8,2000,0,98028,2210,7066,24,2020,1,0,283,462480.03533568897,0.0033292771639885405,0.0016827964263372444,0.003967852459374151,0.0,0.003734129947722181,0.002467284733247971,1.1092370714503197,513000.0,514168.9655172414
99,3243100050,3,1.0,1250,7920,1.0,0,4,7,1250,0,98059,1440,9648,60,2020,1,0,468,493552.5320512821,0.00111120000711168,0.0011747285627982152,0.0011767585479740925,0.0,0.001310028174703174,0.0016364474571119484,0.506531693720546,250000.0,251062.06896551725
100,1223089077,3,1.75,4060,136290,1.0,0,3,8,2810,1250,98045,1300,51836,25,2020,1,0,220,440195.95,0.00891318426801023,0.012342035484099113,0.006571178018123357,0.04483500717360115,0.0030808972520766434,0.007311177514814598,1.6310917899176491,718000.0,717050.0
101,7277100640,3,2.5,3050,6000,1.0,3,3,8,1720,1330,98177,2340,7200,36,2020,1,0,255,676185.3921568628,0.005148113764874672,0.0019765300236557703,0.00367237307894321,0.010718199987105924,0.004197459998564971,0.002415287967739804,1.057402316425867,715000.0,718554.4827586206
102,2652501470,4,2.5,3240,3600,2.0,0,3,9,2060,1180,98109,1820,3600,12,2020,1,0,109,879623.6238532111,0.014466158565171385,0.009120897496313635,0.011542491497218036,0.02593406593406593,0.008658832484894621,0.009159745969711771,1.386956838034616,1220000.0,1201896.551724138
103,402000145,2,1.0,970,5600,1.0,0,3,6,970,0,98118,1020,5600,69,2020,1,0,507,418011.4714003945,0.0011325464665134033,0.0019109014882510266,0.0014374096988108028,0.0,0.001247711000774315,0.00199072110672718,0.5191245093657858,217000.0,220020.6896551724
104,7272001805,3,2.25,2240,9542,1.0,1,3,7,1190,1050,98198,2080,9542,40,2020,1,0,280,302878.8821428571,0.004583579734848097,0.003237568003517827,0.002878909207912888,0.013934970139349702,0.0043402053250980715,0.003595318324329966,1.3807499454608725,418200.0,417593.1034482759
105,513000585,4,2.0,2530,5650,1.5,0,4,8,1910,620,98116,1310,5750,110,2020,1,0,330,618634.1696969697,0.004136609484444386,0.003438394020480657,0.004076997622107146,0.0043317264025710895,0.0023441036845373267,0.003538065275150722,1.020797154333283,631500.0,631179.3103448276
106,3083000355,5,2.0,2020,4000,2.0,0,3,7,2020,0,98144,1960,4000,70,2020,1,0,343,594547.6501457726,0.003079953770198855,0.002848773567369577,0.003988303608625002,0.0,0.003250969900331234,0.002971927175896482,0.6475511254743077,385000.0,384463.7931034483
107,8732131200,3,1.75,2270,9000,1.0,0,4,8,1330,940,98023,2090,8400,42,2020,1,0,499,286732.79158316634,0.0022862898149313853,0.0017226087033082125,0.0015625348780106698,0.006634014143153556,0.0021328663478592767,0.0017291183740029525,0.8997924463940064,258000.0,258474.1379310345
108,7789000120,3,1.0,940,8400,1.0,0,3,7,940,0,98056,1190,8400,62,2020,1,0,406,420890.54926108377,0.0011478238359051507,0.002162721073863104,0.0012955760213687348,0.0,0.0015371995840518773,0.0026428092307034024,0.5440844428605793,229000.0,228450.4827586207
109,3345100184,3,1.75,2000,36000,1.0,0,3,6,2000,0,98056,2100,9681,74,25,1,0,406,420890.54926108377,0.0024421783742662787,0.009268804602270446,0.002756544726316457,0.0,0.002712705148326843,0.003045837638385672,1.0547872856242542,443950.0,443882.7586206897
110,1102000095,4,2.5,3220,5120,2.0,0,3,9,2420,800,98118,1770,7680,20,2020,1,0,507,418011.4714003945,0.003759587239353771,0.0017471099321152244,0.003586114918682621,0.004404025279105103,0.0021651455601671933,0.002730131803511561,1.3348915955120206,558000.0,557812.0689655172
111,7460000040,3,1.75,2270,7156,1.0,0,3,7,1370,900,98168,1210,7156,72,2020,1,0,269,240328.3717472119,0.005745962638586544,0.0023604790624583553,0.00412687893484351,0.014265335235378032,0.003056466320772352,0.0027301077164075807,1.215004278842028,292000.0,290300.0
112,2623069031,5,3.25,3010,1074218,1.5,0,5,8,2010,1000,98027,2450,68825,89,2020,1,0,412,616990.5922330098,0.0029053521219205443,0.07935374541629361,0.002307668462668009,0.006060238773407672,0.0025031186815409807,0.005874720486646225,0.8792678637717737,542500.0,543120.6896551724
113,3395070640,3,2.5,1320,2614,2.0,0,3,7,1320,0,98118,1320,2533,15,2020,1,0,507,418011.4714003945,0.0015411972533996828,0.00089198151612289,0.001956062682917793,0.0,0.0016146848245314662,0.0009004458148821332,0.7176836535010863,300000.0,301220.6896551724
114,5693501028,3,2.5,1300,1331,3.0,0,3,8,1300,0,98103,1450,5270,13,2020,1,0,601,584827.5623960068,0.0013102461246951155,0.0006367104981171356,0.001538831222175268,0.0,0.00158260660765545,0.0025268035359906483,1.043042495297012,610000.0,612086.2068965518
115,1593000690,3,1.0,1170,62290,2.0,0,3,5,1170,0,98045,1810,42173,34,2020,1,0,220,440195.95,0.002568577732406889,0.005640805563904423,0.0027360420929552765,0.0,0.004289556943275943,0.005948265478282971,0.7155904092257096,315000.0,314145.8620689655
116,9321010130,3,1.75,1390,8980,1.0,0,4,8,1390,0,98022,1770,9085,35,2020,1,0,233,316742.3905579399,0.00324695043611917,0.0005191801209284974,0.003452695586511139,0.0,0.004216695254431103,0.0007572851498257619,0.8792634276372792,278500.0,276684.4827586207
117,3625600190,4,2.5,3510,13100,2.0,0,4,10,3510,0,98040,3230,12745,54,2020,1,0,282,1194230.0212765958,0.004006268497603657,0.0033896910438928765,0.005030375730371861,0.0,0.0039513313417644715,0.0035305080773703435,1.050886326453628,1255000.0,1251065.5172413792
118,9808640040,3,2.5,2340,1919,2.0,2,4,9,2340,0,98033,2415,2166,39,2020,1,0,432,803719.5231481481,0.002274629424956184,0.00042330941491756496,0.0026283481954817124,0.0,0.0025300091562236128,0.0005055196396480501,1.0575828700422412,850000.0,853556.8965517242
119,7663700772,4,2.0,2020,8100,1.5,0,4,7,1160,860,98125,1840,8680,74,2020,1,0,409,469899.42787286063,0.002828228520864486,0.002576113827338675,0.0019945219423204885,0.006483959739133714,0.0027140724657348353,0.0029002659356749077,0.7874025335057652,370000.0,368796.5517241379
120,8898700880,2,2.0,1590,8000,1.0,0,3,7,910,680,98055,1590,8364,36,2020,1,0,268,304262.1082089552,0.003324329070944109,0.002962402300897867,0.002146682078743129,0.012504137398403885,0.0033223632659457767,0.004099873386263071,0.9695587851425972,295000.0,294643.1034482759
121,4217400590,3,1.5,1390,5040,1.0,0,3,7,1090,300,98105,1910,4800,73,2020,1,0,229,862825.2314410481,0.0028224381804817233,0.004297602125607655,0.0028107126832765173,0.0028658769583492553,0.004111461506172575,0.004243900498216236,0.6826411404500553,589000.0,586413.7931034482
122,4038700730,4,2.75,1950,6930,1.0,2,4,7,1250,700,98008,1950,8560,60,2020,1,0,283,645507.3780918728,0.003229733422772105,0.0024034701530972337,0.002578361564673559,0.005884281403148932,0.0034092101122416858,0.003185609381768489,0.9620339303257588,621000.0,619517.2413793104
123,8956200960,4,2.5,3056,11385,2.0,0,3,9,3056,0,98001,2849,8607,6,2020,1,0,361,281194.8698060942,0.004446604371524271,0.002107128368073961,0.004911004120358169,0.0,0.004312315148653025,0.002125177838891421,1.8642765437416904,524225.0,533027.5862068966
124,8644000060,3,1.75,1270,8470,1.0,0,4,7,1270,0,98198,1600,8470,60,2020,1,0,280,302878.8821428571,0.0025987260103826266,0.002873842065583316,0.003072449322730561,0.0,0.0033386194808446698,0.003191400776260198,0.7824910020904514,237000.0,237327.58620689655
125,2526069095,4,4.25,5660,193593,2.0,0,3,10,4100,1560,98019,3620,207141,19,2020,1,0,190,424788.747368421,0.013718019563931788,0.0255761007005542,0.01059743697109743,0.060676779463243874,0.009056633984393568,0.029452149161888926,2.248176313323396,955000.0,985862.0689655172
126,2526059225,4,2.75,3550,6558,2.0,0,3,9,3550,0,98052,3140,5617,7,2020,1,0,574,645231.4564459929,0.002616570037840762,0.0010272500072446343,0.002941839420316757,0.0,0.002344055021092763,0.0009722346268536846,1.4769738680274138,952990.0,945956.5172413794
127,7284900405,4,2.5,2880,8400,2.0,4,3,8,2050,830,98177,2880,7440,65,33,1,0,255,676185.3921568628,0.004861169718963626,0.0027671420331180784,0.004376956285949757,0.00668880149571272,0.0051661046136184255,0.002495797566664464,1.1461353779441217,775000.0,769786.2068965518
128,7504001080,4,2.5,2940,12600,1.0,0,4,8,1850,1090,98074,2030,11770,46,2020,1,0,440,685061.6977272729,0.0025275342184288194,0.001986058499825984,0.0017277141221484545,0.011795260253219348,0.001785131699630047,0.0020433069977622573,0.8612362973398675,590000.0,587465.5172413794
129,6802200190,3,2.0,1450,9044,2.0,0,3,7,1450,0,98022,1450,9044,30,2020,1,0,233,316742.3905579399,0.003387106570052372,0.0005228802910553821,0.0036017328060727704,0.0,0.003454354869449209,0.0007538675723747046,0.7024636001770004,222500.0,221612.06896551725
130,5230000020,4,3.0,3720,15048,3.0,0,3,7,3720,0,98059,2020,15180,41,6,1,0,468,493552.5320512821,0.00330693122116436,0.002231984269316609,0.0035020334387709,0.0,0.0018376784117363969,0.0025747587478191732,1.013063387441092,500000.0,502670.6206896552
131,627300105,4,3.0,2900,10400,1.0,3,5,8,1530,1370,98008,2820,10400,61,2020,1,0,283,645507.3780918728,0.0048031932954046685,0.003606939335095416,0.003155914555160436,0.01151637931759148,0.004930242316164901,0.0038703665385972303,1.440727142033745,930000.0,923775.5172413794
132,6117500980,4,2.75,2090,14141,1.5,0,4,8,1680,410,98166,1990,12920,79,2020,1,0,254,464231.8385826772,0.003979072742780553,0.004090792982037943,0.0038782058680948313,0.00445371396293641,0.004152234695155031,0.004006999222791017,0.9671891556831156,449000.0,448632.7586206897
133,1138010220,3,1.0,1090,6712,1.0,0,4,7,1090,0,98034,1440,7350,48,2020,1,0,545,521652.8587155963,0.0010107866702276033,0.0012600116201905973,0.0012038744878011068,0.0,0.0013806658836501356,0.00158745620186741,0.6612635093179193,344950.0,345527.9310344828
134,1568100225,2,1.5,1040,8526,1.0,0,5,6,1040,0,98155,1310,8504,67,2020,1,0,446,423725.69506726455,0.0013051717430317634,0.0018587453795701515,0.001577622038166318,0.0,0.0017109578359909775,0.0019430852418974329,0.8094859575262489,343000.0,341554.8275862069
135,3185600040,2,1.0,1400,4500,1.0,0,3,7,900,500,98055,1400,5500,98,2020,1,0,268,304262.1082089552,0.0029270822008312914,0.0016663512942550502,0.0021230921657899087,0.009194218675296972,0.0029253513033484823,0.002695995172698098,0.591595190934466,180000.0,180094.8275862069
136,3275300270,3,1.75,1140,10400,1.0,0,4,7,1140,0,98003,1280,9800,37,2020,1,0,280,294111.27857142856,0.0021107710424431627,0.003503019838881297,0.0024474338441456953,0.0,0.0024365404932090947,0.003591151110508514,0.8500184053270994,250000.0,250048.27586206896
137,1775930010,3,2.75,1990,19991,1.0,0,3,7,1340,650,98072,1750,9775,43,2020,1,0,273,569958.4652014652,0.003073515715858877,0.002379995702173736,0.002359316924929705,0.008175483611299775,0.0027203059178312165,0.0014934626822253648,0.5877621273360444,335000.0,341493.1034482759
138,9238900616,3,1.75,1760,8400,1.0,0,4,8,1460,300,98136,1980,8400,60,2020,1,0,263,551688.6730038023,0.0038753203744968687,0.005338926494422728,0.004105621326734344,0.003044263592636941,0.004502251125562781,0.00555137366758771,1.2325792304155452,680000.0,681086.2068965518
139,7686203385,3,1.0,980,8000,1.0,0,4,6,980,0,98198,1240,8000,66,2020,1,0,280,302878.8821428571,0.0020053161339960426,0.002714372671153073,0.0023708664065164955,0.0,0.00258743009765462,0.003014310060222147,0.6735365587614012,204000.0,204093.10344827586
140,126039305,1,1.0,540,10125,1.0,0,3,5,540,0,98177,1840,10125,59,2020,1,0,255,676185.3921568628,0.0009114693223056797,0.0033353944149191123,0.0011529543387379848,0.0,0.0033005668364784386,0.003396498704634099,0.5102151037299638,345000.0,344667.5862068966
141,4397000100,4,2.5,3140,12591,2.0,0,3,9,3140,0,98042,2650,11720,27,2020,1,0,547,311580.33638025593,0.00289671103370148,0.0012131348074014806,0.003109163318209993,0.0,0.0024773138812777705,0.0014562515687010285,1.4891825504473732,464000.0,463725.8620689655
142,2473351050,4,2.25,1920,9660,1.0,0,4,8,1920,0,98058,1890,7800,52,2020,1,0,455,353608.63516483514,0.002058800191296851,0.0010877095909975476,0.0023372392821753856,0.0,0.0021015668348290787,0.0012404538725300054,1.0534245008648009,372500.0,372405.1724137931
143,952003340,2,1.0,780,3910,1.0,0,3,6,780,0,98126,1500,5060,102,2020,1,0,354,424706.3559322034,0.0014274394116021542,0.0021595385325742364,0.0017640952340027094,0.0,0.0029987165493168925,0.002843172621034308,0.8947358444069531,380000.0,380285.1724137931
144,9406510130,5,3.5,3740,24684,2.0,0,3,9,2760,980,98038,2880,26023,22,2020,1,0,589,367082.9949066214,0.0029557226425741025,0.001648692177134622,0.0022798762919298988,0.017899543378995433,0.002307583215216588,0.002200373597613792,1.2204324531948485,448000.0,450062.0689655172
145,2586800270,4,1.0,1260,7645,1.5,0,3,6,1260,0,98146,1170,7649,95,2020,1,0,288,359483.23958333326,0.0026981999151994306,0.002942840755553674,0.0031821556831785197,0.0,0.002645933403891557,0.003213937117087061,1.1822526148718515,425000.0,425268.9655172414
146,522059352,4,2.5,2155,8140,2.0,0,3,8,2155,0,98031,2155,7245,24,2020,1,0,273,300340.4029304029,0.004090689931397896,0.0024628239150489128,0.004631062286176011,0.0,0.004135347724215483,0.003128724672228844,1.19464446507766,358800.0,358129.3103448276
147,8732130140,4,2.25,2150,8250,1.0,0,4,7,1240,910,98023,2050,7875,42,2020,1,0,499,286732.79158316634,0.0021654286793403,0.0015790579780325285,0.0014567994351377671,0.006422290287520996,0.0020920459392878067,0.0016210484756277678,0.9939567721794256,285000.0,283749.7931034483
148,522059062,4,2.75,2330,14175,1.0,0,3,7,1800,530,98031,1480,10125,40,2020,1,0,273,300340.4029304029,0.004422880529075219,0.004288762775899059,0.0038681726752282227,0.008622092077436147,0.002840053193428731,0.004372441312121055,1.2385945958999152,372000.0,371620.3448275862
149,6814600150,4,1.75,2800,5400,1.0,0,3,9,1400,1400,98115,1490,5400,96,14,1,0,583,619900.5471698113,0.002616878680569769,0.001701357557304243,0.0017068279212664665,0.005605785170295746,0.001510832874506571,0.0017521004926971478,1.3921587969877944,863000.0,863137.9310344828
150,3221069057,3,1.0,1310,22652,1.0,0,3,7,1310,0,98092,1600,103672,52,2020,1,0,351,334921.0626780627,0.0016998041981271012,0.001986038809996968,0.0018074774375764894,0.0,0.002140073136999457,0.009776621660056628,0.8360178895919286,280000.0,277968.9655172414
151,1563103040,2,1.0,990,5000,1.0,0,3,7,990,0,98116,2250,6032,79,2020,1,0,330,618634.1696969697,0.0016186732765217165,0.0030428265667970427,0.00211320819156339,0.0,0.0040261322826022775,0.003711584302558113,0.7920674673369893,490000.0,490155.1724137931
152,255550070,4,3.0,1930,3031,1.0,0,3,7,1200,730,98019,1930,2611,14,2020,1,0,190,424788.747368421,0.004677699250598647,0.0004004336996863512,0.003101688869589492,0.028393621159082068,0.004828536903281654,0.00037124259061070485,0.7784457616839936,330675.0,330624.7586206897
153,2112700845,3,1.75,1300,4127,1.0,0,4,6,650,650,98106,1420,4000,102,67,1,0,335,319581.3940298507,0.0026081321560626034,0.0022180182407412386,0.0016328745374568855,0.006476038656969214,0.003113953141583993,0.0023320270095368244,0.8448551919602068,270000.0,269941.3793103448
154,5288200230,4,1.75,2460,5750,1.5,3,5,7,1620,840,98126,1760,4830,101,2020,1,0,354,424706.3559322034,0.0045019242981298715,0.003175791959667995,0.003663890101390243,0.00805523590333717,0.0035184940845318204,0.002713937501896385,1.5893334078281405,675000.0,679488.9655172414
155,323089172,4,2.5,1900,15123,2.0,0,3,8,1900,0,98045,1900,16477,25,2020,1,0,220,440195.95,0.004171194608182128,0.0013694959470689776,0.004443145279158141,0.0,0.0045028498299581705,0.002323988577660316,0.9314033897858442,410000.0,406283.7931034483
156,8155000040,3,1.0,1020,12289,1.0,0,4,7,1020,0,98058,1300,9894,53,2020,1,0,455,353608.63516483514,0.0010937376016264524,0.0013837332467669635,0.0012416583686556733,0.0,0.0014455221615226465,0.0015734680275399846,0.6504366045608168,230000.0,230118.9655172414
157,1796380060,3,2.0,1290,7372,1.0,0,5,7,1290,0,98042,1290,7366,30,2020,1,0,547,311580.33638025593,0.0011900500743550664,0.0007102874910780492,0.0012773314269079275,0.0,0.0012059377006974807,0.0009152516258576599,0.8119896234120375,253000.0,253524.24137931035
158,641900050,4,2.25,2160,8817,1.0,0,3,7,1460,700,98133,1880,8817,55,2020,1,0,493,387011.59026369173,0.0027133019628729853,0.0025208419045865487,0.002174742010057437,0.0056119422130293285,0.0024522240237083107,0.002657209968711405,1.2918217763435904,499950.0,499977.5862068966
159,1498303855,4,2.75,2930,4408,1.0,0,5,8,1660,1270,98144,2200,4000,81,2020,1,0,343,594547.6501457726,0.004467457696377548,0.003139348471241275,0.0032775168268898533,0.008502205887275478,0.003649047847310569,0.002971927175896482,1.2076408002352024,718000.0,707489.6551724138
160,2767600673,3,2.5,1450,1053,2.0,0,3,8,940,510,98107,1410,1080,12,2020,1,0,265,578955.5056603772,0.0034655831739961764,0.0012423488770487553,0.0026935641010946178,0.007346585998271392,0.003498238475661192,0.0011826077815592026,0.7945342871820653,460000.0,459758.6206896552
161,1776230220,3,2.5,2490,4540,2.5,0,3,8,2490,0,98059,2640,3844,8,2020,1,0,468,493552.5320512821,0.0022135104141664664,0.0006733923832201893,0.0023441030275643928,0.0,0.002401718320289152,0.0006520008317929448,0.8388164848012242,414000.0,412455.1724137931
162,191100810,5,2.25,2910,9525,2.0,0,4,9,2910,0,98040,2740,9525,52,2020,1,0,282,1194230.0212765958,0.003321436275791067,0.0024646417704640954,0.004170482443128808,0.0,0.003351903367317229,0.002638531929144961,0.728502871724826,870000.0,868227.1724137932
163,6791900260,4,2.75,3090,5859,2.0,0,3,9,3090,0,98074,2960,5250,10,2020,1,0,440,685061.6977272729,0.002656490045899677,0.0009235172024190825,0.002885749533750662,0.0,0.002602950655618197,0.0009114156107265805,1.1093964273894679,760005.0,753215.5172413794
164,9526600090,4,2.5,2680,4548,2.0,0,3,8,2680,0,98052,2750,4548,11,2020,1,0,574,645231.4564459929,0.001975326113074153,0.0007124021093242753,0.0022208815905489887,0.0,0.002052914429300986,0.0007872036822023425,1.1623735831651545,750000.0,749371.7931034482
165,999000215,4,2.5,2760,5000,1.5,0,5,7,1680,1080,98107,1850,5000,92,2020,1,0,265,578955.5056603772,0.006596558317399618,0.005899092483612321,0.004814029457275488,0.015557476231633534,0.004589887361683124,0.00547503602573705,1.2681458122805922,734200.0,733017.3448275862
166,603001050,2,1.0,1430,4000,1.0,0,3,7,930,500,98118,1110,4000,71,2020,1,0,507,418011.4714003945,0.0016696303578496562,0.0013649296344650193,0.001378135072055718,0.002752515799440689,0.0013578031479014605,0.0014219436476622714,0.5502241343508328,230000.0,230165.6896551724
167,4178900070,4,2.5,3270,6055,2.0,0,3,9,3270,0,98056,2740,7367,13,2020,1,0,406,420890.54926108377,0.003992961641925364,0.0015589614407429874,0.004506950627527407,0.0,0.003539434336388356,0.0023178066193561865,1.7225380832922272,725000.0,730855.1379310344
168,3536900110,3,2.0,2310,21318,1.0,0,3,10,2310,0,98004,2950,21814,41,24,1,0,317,1355927.0820189274,0.002504988288366444,0.005131874094555707,0.003011380672411321,0.0,0.0034792659338585647,0.005373975904564258,1.0048475453202732,1362500.0,1331741.3793103448
169,752000035,4,2.5,2650,7945,2.0,0,3,9,2650,0,98125,1200,7920,14,2020,1,0,409,469899.42787286063,0.0037102997922232117,0.002526817822000712,0.004556450988921807,0.0,0.0017700472602618488,0.002646325600293234,1.4875523538392699,699000.0,697404.4827586206
170,2126049265,3,1.75,1770,10080,1.0,0,3,8,1770,0,98125,1860,10456,52,2020,1,0,409,469899.42787286063,0.002478200238579277,0.003205830540688128,0.003043365377506263,0.0,0.0027435732534058658,0.003493684403619452,1.0534169029333884,495000.0,495293.1034482759
171,2883200775,3,1.0,1510,4178,2.0,0,3,8,1510,0,98103,2140,4916,118,41,1,0,601,584827.5623960068,0.0015219012679150961,0.0019986299482594987,0.0017874116503728114,0.0,0.002335709062332871,0.002357071381960157,1.3662146782660864,799000.0,796279.3103448276
172,8078430360,3,2.5,1820,11012,2.0,0,3,8,1820,0,98074,1860,7767,32,2020,1,0,440,685061.6977272729,0.0015646640399797453,0.0017357520793717244,0.0016996971363838847,0.0,0.001635637911976299,0.001348374294954924,0.737159881621412,505000.0,500413.7931034483
173,1232000810,3,2.5,1400,4800,1.0,0,3,7,1200,200,98117,1440,3840,99,2020,1,0,553,576795.007233273,0.0014962092470006349,0.001872131105341307,0.0016274540651090125,0.001008318628686665,0.0016908950001174232,0.0014966209106002852,0.5894641869923363,340000.0,345750.0
174,5592900105,4,1.75,2520,7200,1.0,2,5,7,1260,1260,98056,2360,7300,65,2020,1,0,406,420890.54926108377,0.00307714475157551,0.0018537609204540887,0.0017366231775793675,0.013491086246587077,0.003048563880976832,0.0022967270695398623,1.0335228499753364,435000.0,435036.2068965517
175,1269200150,3,1.5,1150,27319,1.0,0,4,6,1150,0,98070,1700,30691,44,2020,1,0,117,489381.16239316243,0.005192154879722604,0.002425426718047584,0.0058283623315476575,0.0,0.008182518290335002,0.003276159505447332,0.7315361266651851,358000.0,359268.9655172414
176,7135300275,1,1.0,720,5000,1.0,0,4,6,720,0,98118,1170,5000,112,2020,1,0,507,418011.4714003945,0.0008406530473089178,0.001706162043081274,0.0010669432815915236,0.0,0.0014311979126528905,0.001777429559577839,0.4425715863256699,185000.0,187155.2068965517
177,3300790540,3,2.25,1690,7320,2.0,0,3,7,1690,0,98198,1520,7450,33,2020,1,0,280,302878.8821428571,0.003458147210666645,0.002483650994105061,0.004088534925523344,0.0,0.003171688506802437,0.002807076243581875,0.9657325658711268,292500.0,291436.5172413793
178,4010800110,3,2.0,1590,35988,1.0,0,4,8,1590,0,98058,2780,23789,46,2020,1,0,455,353608.63516483514,0.0017049439084177048,0.004052224923480306,0.001935526280551491,0.0,0.003091193545409966,0.0037832252786687576,0.8628182958761096,305100.0,305213.7931034483
179,3546000630,3,2.5,2110,8304,1.0,0,4,7,2110,0,98030,1680,7508,35,2020,1,0,256,296187.98046875,0.00419984076433121,0.002753903685004357,0.0045686817945608865,0.0,0.00341899823351758,0.003419429354261625,0.9757316942525006,289000.0,289010.9655172414
180,8821900155,3,1.0,1370,6780,2.0,0,3,6,1370,0,98125,1450,7214,90,2020,1,0,409,469899.42787286063,0.0019181549869229434,0.002156302685105705,0.002355599190499198,0.0,0.0021388071061497343,0.0024104283940044693,0.7139825675437411,335500.0,332996.5517241379
181,3824100211,3,1.5,2380,14500,1.0,0,4,7,1850,530,98028,1830,13600,59,2020,1,0,283,462480.03533568897,0.003961839825146364,0.004292848026370521,0.0036702635249210892,0.005482002482416219,0.003092062354901173,0.0047488072986374774,0.8000345349641682,370000.0,371048.275862069
182,3971702325,3,2.5,1470,9337,2.0,0,3,7,1470,0,98155,1360,8684,29,2020,1,0,446,423725.69506726455,0.0018448100598622038,0.0020355507399773052,0.0022299080731773913,0.0,0.0017762615701891065,0.001984213574863277,0.5758442380070109,244000.0,244717.24137931035
183,1959703070,5,3.0,3730,5500,1.5,0,3,7,2160,1570,98102,1890,5500,93,2020,1,0,104,899395.3653846155,0.01667344630747981,0.014669170205048328,0.011851591734612137,0.03787239175009046,0.009298206774407793,0.016008662141551503,1.0892873564909278,979700.0,998907.5172413794
184,4319200820,3,1.0,950,5214,1.0,0,3,7,830,120,98126,1490,7636,76,2020,1,0,354,424706.3559322034,0.001738548001310316,0.0028797529178624212,0.001877178261823396,0.0011507479861910242,0.0029787251056547803,0.004290605955379047,0.7840711478618826,333000.0,333400.9655172414
185,8581200240,3,1.75,1740,8800,1.0,0,3,7,1140,600,98023,1690,7920,42,2020,1,0,499,286732.79158316634,0.0017524864660707544,0.0016843285099013634,0.0013393156097234312,0.004234477112651207,0.0017246622621445815,0.0016303116097742122,0.8893297435289598,255000.0,254758.62068965516
186,4039300140,5,2.25,2140,7910,1.0,0,3,7,1070,1070,98007,1680,8700,58,2020,1,0,141,617105.085106383,0.006955504274059869,0.005261263993731714,0.004024371897096434,0.025604211533859767,0.005607476635514018,0.006440789892549857,0.8588488618735545,530000.0,530294.8275862068
187,2770606602,3,1.75,2040,5775,1.0,0,3,7,1410,630,98199,1360,4400,62,2020,1,0,317,791820.807570978,0.002976841920938581,0.003351124759328313,0.002794071020925809,0.0034874065873235537,0.0021546261089987325,0.0026269534981468038,0.6977588801876421,552500.0,559521.6896551724
188,1545803240,3,2.25,1520,7930,1.0,0,3,7,1160,360,98038,1530,7930,32,2020,1,0,589,367082.9949066214,0.0012012562611531112,0.0005296600617678476,0.0009582088763183633,0.006575342465753425,0.0012259035830838125,0.0006705207942618978,0.7355284874165381,270000.0,269858.6206896552
189,8965500880,4,2.5,3320,9380,2.0,3,3,10,3320,0,98006,2870,11779,32,2020,1,0,498,859684.7791164658,0.002308166669099975,0.0014073621846582218,0.0028980674603763467,0.0,0.0020688636027781887,0.0019451224144023933,1.2888445008166112,1108000.0,1095609.3103448276
190,8078460520,4,2.5,2410,7140,2.0,0,3,8,2410,0,98074,2350,7140,27,2020,1,0,440,685061.6977272729,0.002071890294698454,0.0011254331499013911,0.0022506978564204192,0.0,0.0020665317705076893,0.0012395252305881495,0.8875113030214228,608000.0,600705.1724137932
191,4022900951,2,1.0,910,22725,1.0,0,1,6,910,0,98155,2000,14566,94,2020,1,0,446,423725.69506726455,0.001142025275152793,0.004954256245687507,0.0013804192833955279,0.0,0.002612149367925157,0.003328196099891581,0.7198052975087635,305000.0,304963.7931034483
192,8039900360,3,2.25,2090,15000,1.0,0,3,7,2090,0,98045,1690,14400,59,2020,1,0,220,440195.95,0.004588314069000341,0.0013583574162556805,0.004887459807073955,0.0,0.004005166427699636,0.002031039359003978,0.8700670689950691,383000.0,379892.6896551724
193,1393800005,2,1.0,900,6656,1.0,0,3,7,900,0,98126,1230,6400,80,2020,1,0,354,424706.3559322034,0.0016470454749255624,0.0036761863101826384,0.0020354945007723573,0.0,0.002458947570439852,0.003596107662968295,0.835871644117022,355000.0,354568.9655172414
194,2005600090,3,1.0,860,11900,1.0,0,4,6,860,0,98030,1660,10248,57,2020,1,0,256,296187.98046875,0.0017117834394904461,0.003946466022585724,0.0018621167503897454,0.0,0.003378295873594751,0.004667329784559555,0.5401974777868516,160000.0,160013.7931034483
195,7852050220,3,2.5,1540,3237,2.0,0,3,7,1540,0,98065,1780,3411,21,2020,1,0,308,529587.5746753247,0.001939180255619216,0.000613266099513934,0.0020309120641451707,0.0,0.002287608998785511,0.0009821290519301817,0.6514503294596928,345000.0,341899.1724137931
196,3124059023,3,1.75,3330,12566,1.0,4,4,8,1940,1390,98040,3730,16560,60,2020,0,1,282,1194230.0212765958,0.003800818831059881,0.0032515158517219768,0.0027803216287525393,0.007792965026967023,0.004562992540180024,0.004587305905159112,1.6370380623241778,1955000.0,1790862.0689655172
197,3775300030,3,1.75,1220,9732,1.0,0,3,7,1220,0,98011,1630,10007,55,2020,1,0,195,490351.46666666673,0.002776804126057803,0.0044110908203350745,0.0032009319434641954,0.0,0.0037182777302537775,0.005395025061231135,0.6801244060042918,333500.0,335170.6896551724
198,1568100215,2,1.0,1030,8576,1.5,0,5,6,1030,0,98155,1310,8504,68,2020,1,0,446,423725.69506726455,0.001292622014733381,0.0018696458333560427,0.0015624525954916414,0.0,0.0017109578359909775,0.0019430852418974329,0.7434054711975755,315000.0,314965.5172413793
199,1900000195,2,1.0,930,7623,1.0,0,2,6,930,0,98166,1300,7641,78,2020,1,0,254,464231.8385826772,0.0017705921774095286,0.002205226992580104,0.0021468639626953533,0.0,0.002712515127488211,0.002369774075955585,0.2154096115107162,100000.0,108168.55172413793
200,8099600160,3,2.0,1710,10959,1.0,0,4,7,1030,680,98033,1710,10498,39,2020,1,0,432,803719.5231481481,0.0016622291951602884,0.002417429847879935,0.0011569224963017793,0.004911662308770206,0.001791435054717341,0.002450113193455785,0.6077990964889822,488500.0,486259.1379310345
201,2172000894,3,1.0,1250,10200,1.0,0,3,6,1250,0,98178,1800,8283,55,2020,1,0,262,310612.7557251909,0.002758833785782074,0.004685368329666191,0.0035980541723036187,0.0,0.004166763119516657,0.003879250994985964,0.7243746299944769,225000.0,225051.72413793104
202,6121000090,3,1.75,1770,8235,1.0,0,3,7,1030,740,98148,1560,8918,60,2020,1,0,57,284908.5964912281,0.019281045751633988,0.016123000777271558,0.012156261064558008,0.10466760961810467,0.016986062717770034,0.01775411800774827,1.0354197929899338,295000.0,295465.5172413793
203,9528100899,3,2.5,1850,1330,2.5,0,3,9,1560,290,98115,1810,2071,16,2020,1,0,583,619900.5471698113,0.0017290091282335975,0.00041903806503974876,0.0019018939694112047,0.0011611983567041187,0.001835307048897244,0.0006719629852547763,1.334084965363738,827000.0,836393.1034482758
204,2921079027,4,2.5,2170,204296,1.0,0,4,7,2170,0,98022,1760,154202,40,2020,1,0,233,316742.3905579399,0.00506898017725079,0.011811405566281552,0.005390179440812352,0.0,0.00419287211740042,0.012853592148974368,1.2628559104305626,400000.0,398106.8965517241
205,2895730540,5,3.25,4150,7100,2.0,0,3,10,4150,0,98074,3560,7214,7,2020,1,0,440,685061.6977272729,0.0035677778933604085,0.0011191282022828953,0.0038756830307654522,0.0,0.003130575788513777,0.0012523718506250573,1.3560822376758253,929000.0,930368.9655172414
206,4222200380,3,2.0,1710,7920,1.0,0,3,8,1260,450,98003,1760,8120,52,2020,1,0,280,294111.27857142856,0.003166156563664743,0.0026676843388403725,0.0027050584593189264,0.006057098246133552,0.0033502431781625053,0.002975525205849912,0.8058174482500903,237000.0,236606.8620689655
207,2402100205,2,1.0,920,4400,1.0,0,3,7,920,0,98103,1560,4600,72,2020,1,0,601,584827.5623960068,0.0009272511036303897,0.0021048280929492087,0.0010890190187701897,0.0,0.0017026664192706911,0.002205559063673052,0.7047085782200714,412133.0,410944.8965517241
208,9320700400,3,1.75,1560,9514,1.0,0,4,7,1560,0,98031,1550,9600,53,2020,1,0,273,300340.4029304029,0.002961241899294997,0.002878538910046113,0.0033524163185311264,0.0,0.0029743800336584684,0.0041457221329740356,0.9489232791168704,285000.0,285082.7586206897
209,1442880080,4,2.75,2910,6334,2.0,0,3,8,2910,0,98045,2790,6352,7,2020,1,0,220,440195.95,0.0063885138472684145,0.000573589058304232,0.0068050277696579935,0.0,0.006612079487149104,0.0008959140283606437,1.1358350752659128,499990.0,500367.275862069
210,2663000345,4,2.5,2390,4200,2.0,0,3,9,2150,240,98102,2800,5250,96,2020,1,0,104,899395.3653846155,0.010683521896749796,0.011201911792945995,0.0117967232543593,0.005789410203835484,0.013775121147270804,0.015280995680571887,1.3342296905063933,1200000.0,1168103.448275862
211,2172000750,2,1.0,1180,9350,1.0,0,3,6,1180,0,98178,1780,9306,102,2020,1,0,262,310612.7557251909,0.0026043390937782783,0.004294920968860675,0.003396563138654616,0.0,0.004120465751522025,0.004358361675641601,0.5151108479960724,160000.0,160501.1724137931
212,3126059023,4,3.5,4730,47870,1.0,4,3,10,2940,1790,98033,3250,49346,66,2020,0,1,432,803719.5231481481,0.004597862042753313,0.010559573575874849,0.0033022836302206127,0.012929228724556869,0.003404774226801964,0.01151679230751278,4.224110404462834,3395000.0,3085844.827586207
213,3271300365,3,2.75,2770,5800,1.0,0,4,8,1650,1120,98199,2340,5800,61,2020,1,0,317,791820.807570978,0.00404208437303915,0.0033656317929184787,0.0032696575776791376,0.006199833933019651,0.003707224334600761,0.003462802338466241,1.3639449603667937,1080000.0,1080965.5172413792
214,7387500235,3,1.75,1960,8136,1.0,0,3,7,980,980,98106,1070,7480,72,2020,1,0,335,319581.3940298507,0.00393226078914054,0.0043726184653915,0.002461872379550381,0.009763873667430508,0.002346429479925967,0.004360890507833862,1.0638917232091492,340000.0,339424.275862069
215,9528104360,2,1.5,901,1245,3.0,0,3,7,901,0,98115,1138,1137,19,2020,1,0,583,619900.5471698113,0.0008420741754262007,0.0003922574368229227,0.0010984656836150618,0.0,0.0011539112826768304,0.0003689144926290105,0.701725465457347,435000.0,435238.7586206897
